{"cameraMode":{"drawMode":0,"name":"Shaded","section":"Shading Mode"},"sceneLighting":false,"audioPlay":false,"sceneViewState":{"m_AlwaysRefresh":false,"showFog":true,"showSkybox":false,"showFlares":true,"showImageEffects":true,"showParticleSystems":true,"showVisualEffectGraphs":true,"m_FxEnabled":false},"in2DMode":false,"pivot":{"x":-0.14160270988941194,"y":0.66407310962677,"z":-0.6095626354217529},"rotation":{"x":0.007394205313175917,"y":-0.992250919342041,"z":0.10005677491426468,"w":0.07335720211267472},"size":1.4660282135009766,"orthographic":false}