{"cameraMode":{"drawMode":0,"name":"Shaded","section":"Shading Mode"},"sceneLighting":false,"audioPlay":false,"sceneViewState":{"m_AlwaysRefresh":false,"showFog":true,"showSkybox":false,"showFlares":true,"showImageEffects":true,"showParticleSystems":true,"showVisualEffectGraphs":true,"m_FxEnabled":false},"in2DMode":false,"pivot":{"x":-1.6920220851898194,"y":1.9649348258972169,"z":2.5229430198669435},"rotation":{"x":-0.05973979830741882,"y":0.6023806929588318,"z":-0.045229583978652957,"w":-0.7947063446044922},"size":6.224180698394775,"orthographic":false}